{
    "_ColorR": 1.0,
    "_ColorG": 1.0,
    "_ColorB": 1.0,
    "_RampLevels": 50.0,
    "_LightScalar": 10.0,
    "_HighColorR": 0.0,
    "_HighColorG": 0.712456226348877,
    "_HighColorB": 1.0,
    "_HighIntensity": 8.970000267028809,
    "_LowColorR": 0.09603060781955719,
    "_LowColorG": 0.14048787951469422,
    "_LowColorB": 0.24528300762176515,
    "_LowIntensity": 10.0,
    "_OutlineColorR": 0.10840155929327011,
    "_OutlineColorG": 0.16168741881847382,
    "_OutlineColorB": 0.2641509175300598,
    "_OutlineSize": 10.0,
    "_RimColorR": 1.0,
    "_RimColorG": 1.0,
    "_RimColorB": 1.0,
    "_RimAlpha": 0.0,
    "_RimPower": 0.0,
    "_RimDropOff": 0.0,
    "_FresnelColorR": 1.0,
    "_FresnelColorG": 1.0,
    "_FresnelColorB": 1.0,
    "_FresnelBrightness": 0.0,
    "_FresnelPower": 0.0,
    "_FresnelShadowDropoff": 0.0,
    "_GradYCap": 0.0,
    "_GradIntensity": 0.0
}